Race Title,Geelong
Race,Race 1 Geelong
Number,Name,WinPrice,FixedPrice
1(7),Paroodus,4.40,2.20
2(3),Steinbrenner,15.00,5.00
3(2),Last Vein,2.10,1.44
4(6),Private Edition,4.00,2.10
5(1),Sword Of Mercy,6.00,2.75
7(4),Zamello,15.00,5.00
Race,Race 2 Geelong
Number,Name,WinPrice,FixedPrice
1(4),Dhuriaad,41.00,13.00
2(6),Hayley's Storm,51.00,17.00
3(7),Martharaptor,101.00,29.00
5(8),Written In Rouge,4.60,2.10
6(1),Graceful Star,1.70,1.25
7(5),Lisette,4.80,2.10
9(3),Once In A Lifetime,5.50,2.25
Race,Race 3 Geelong
Number,Name,WinPrice,FixedPrice
1(2),Casula Lad,126.00,29.00
2(8),Dastaan,126.00,29.00
3(6),Finnick,3.60,1.73
4(4),Just Gets'em,41.00,12.00
5(5),Strategic Mota,13.00,3.75
7(7),No More Bids,2.60,1.44
8(3),Sikorsky,2.10,1.30
Race,Race 4 Geelong
Number,Name,WinPrice,FixedPrice
1(8),Gherangatang,51.00,7.50
2(6),Invincible King,2.50,1.25
3(3),Kaphark,11.00,2.50
4(4),Orphanali,31.00,5.00
5(2),Posh Pursuit,17.00,3.40
6(5),Rebecca,151.00,21.00
7(7),Wishia,26.00,4.33
8(9),Honorellay,5.50,1.73
9(1),Walk The Talk,2.30,1.22
Race,Race 5 Geelong
Number,Name,WinPrice,FixedPrice
1(3),Reward The Dream,9.50,3.50
2(2),Unshackled,4.20,2.20
4(1),Charlie Garcon,4.00,2.20
6(4),Conga D'oro,3.60,2.00
7(6),Nine Clouds,5.50,2.75
8(5),Charming Miss,6.00,3.00
Race,Race 6 Geelong
Number,Name,WinPrice,FixedPrice
1(5),Exflytations,3.00,1.62
2(2),Pachino Boy,19.00,4.33
3(4),Cool Runnings,34.00,8.50
4(7),Rakti Roulette,13.00,3.50
5(11),Northset,8.00,2.88
6(9),Rebel Rose,6.00,2.25
7(10),Erector,12.00,3.40
8(8),Argyle Belle,12.00,3.40
9(3),Powers Lookout,9.00,3.10
10(6),Pollinator,6.00,2.25
11(1),Countess Delta,17.00,4.00
Race,Race 7 Geelong
Number,Name,WinPrice,FixedPrice
1(3),Ballinaclash,7.00,2.38
2(4),Set The Bar High,9.50,3.10
3(11),Any Given Bender,6.50,2.25
4(7),Atlantic Express,5.50,2.10
5(2),Double Em,10.00,3.10
7(10),Walled City,8.00,2.62
8(1),Chopsticks,15.00,3.75
9(5),Kwatile Fame,41.00,9.00
10(9),Gorokan Express,3.20,1.62
11(6),Yarrayne Lass,21.00,4.50
Race,Race 8 Geelong
Number,Name,WinPrice,FixedPrice
1(12),Our Sevira,16.00,3.75
2(2),Mutamayel,2.80,1.53
3(1),Voiceover,10.00,3.20
4(5),Loxwood,5.50,2.10
6(4),Tommy Standup,26.00,5.00
7(9),Rock Of Mahal,41.00,9.00
9(8),Hot Seat,10.00,3.20
10(7),Spalding Cove,31.00,6.50
12(6),Antilia,9.50,3.10
14(13),Milord,4.60,1.83
16(14),Search Squad,16.00,3.75
Race Title,Taree
Race,Race 1 Taree
Number,Name,WinPrice,FixedPrice
1(14),Haley's Girl,34.00,7.50
2(1),Little Ebony Vega,15.00,4.00
3(12),Vintage Luxe,19.00,4.50
4(7),Dolphin Watch,51.00,11.00
5(5),Tartufo Bianco,2.25,1.36
6(11),Sunset Ruby,201.00,34.00
7(8),Natural Image,17.00,4.33
8(2),Think Free,3.40,1.67
9(3),Tsambika,17.00,4.33
11(10),Nev's Arden,201.00,34.00
12(6),Rosy Elsie,13.00,3.50
13(9),Sam's Allycat,26.00,6.00
15(13),Le Faberge,13.00,3.50
17(17),Candy Girl,13.00,3.50
Race,Race 2 Taree
Number,Name,WinPrice,FixedPrice
1(15),Subtle Grey,5.50,2.20
2(7),Eskimo Commander,6.00,2.25
3(6),Our Dragon,101.00,23.00
4(2),Neptune,6.50,2.38
5(1),Bonnie Prince,101.00,23.00
6(9),Chasin,14.00,3.75
7(4),Helsun,3.50,1.73
10(8),Zubrowka,13.00,3.75
11(10),Senatorial,71.00,17.00
12(14),Time For Charlie,71.00,17.00
13(17),Tom Thumb,71.00,17.00
14(12),Esplanade,5.00,2.10
15(16),Wee Rascal,26.00,6.00
16(3),Harry And The Duke,21.00,5.00
Race,Race 3 Taree
Number,Name,WinPrice,FixedPrice
1(12),Baradine Bound,8.50,2.38
3(6),Ravitude,17.00,3.75
4(3),Shadow Prince,23.00,4.33
5(15),Eye Was,9.50,2.50
6(10),Ginger Island,51.00,9.00
7(14),Grand Soleil,1.60,1.17
8(1),High Rush,9.50,2.50
9(13),Lucky Starlet,34.00,5.50
10(9),Our Esposito,8.50,2.38
11(7),Splash Of Lime,71.00,11.00
12(2),At The Glenburn,71.00,11.00
13(5),Remembering Sam,101.00,17.00
14(4),Shouldn't Miss,71.00,11.00
15(8),Miss Cran,101.00,17.00
Race,Race 4 Taree
Number,Name,WinPrice,FixedPrice
1(14),Star Fest,17.00,4.00
2(6),Clunes Rocket,12.00,3.40
4(4),Serious Dancer,3.40,1.67
5(11),Old Man's Angel,26.00,5.50
6(9),Villarrica,10.00,3.20
7(10),Real Time Warrior,12.00,3.40
8(8),Financial,8.50,3.00
10(2),Southern Delight,34.00,8.00
11(3),Ride To Redemption,17.00,4.00
12(5),Yulong Baohu,8.00,2.75
13(1),Miss Zodiac,3.40,1.67
14(12),Mister Hootabell,101.00,21.00
Race,Race 5 Taree
Number,Name,WinPrice,FixedPrice
1(2),American Star,34.00,9.50
2(8),Typhoon Bonny,3.20,1.80
3(6),Zizumba,51.00,13.00
4(7),Nicco's Lass,17.00,4.50
5(11),Outsmartem,13.00,4.00
6(14),Akamin,7.50,3.00
7(9),Fear Factor,13.00,4.00
8(15),Stoddart,6.50,2.62
9(5),Royal Duke,23.00,6.00
10(3),God I'm Hot,14.00,4.00
12(10),I'll Take Money,17.00,4.50
13(1),Miss Gigi,8.50,3.20
14(12),No Qualm,13.00,4.00
15(4),Double Pluggas,15.00,4.33
Race,Race 6 Taree
Number,Name,WinPrice,FixedPrice
1(4),Bachelor,12.00,3.25
2(6),Allez Rev,9.00,2.75
3(10),Kirk Ella,7.00,2.25
4(7),Foxy's Foxinator,2.30,1.33
6(1),Impulsive Maneuver,4.00,1.67
8(13),She Clangs,26.00,5.50
9(2),Lots Of Diamonds,9.00,2.75
10(3),Manning Treasure,19.00,4.00
11(11),Dead Reckoning,41.00,8.50
12(8),Serious Moonlight,26.00,5.50
13(5),Luckier,101.00,19.00
Race,Race 7 Taree
Number,Name,WinPrice,FixedPrice
1(4),Powerline,5.50,2.25
2(13),Alot Like Home,3.80,1.83
3(2),Backhouse Billy,34.00,9.00
4(1),Carluca,5.00,2.20
5(8),Miami Dade,19.00,5.00
6(6),Profiler,13.00,4.00
7(11),Marksfield,9.50,3.25
8(10),Abohar,26.00,7.00
9(5),Blinkin Artie,13.00,4.00
10(3),Marathon,6.50,2.62
11(7),The Iron Maiden,26.00,7.00
13(14),Wongur,19.00,5.00
14(9),Florever Special,34.00,9.00
Race,Race 8 Taree
Number,Name,WinPrice,FixedPrice
2(7),Lethal Dream,16.00,4.00
3(13),I Am Baymax,101.00,21.00
4(1),Sniponet,7.00,2.50
5(8),Kingaroy,51.00,11.00
6(10),African Guy,3.50,1.73
7(9),Ambitious Prince,8.00,2.88
8(17),Caper,6.00,2.25
9(4),Saint Denis,8.00,2.88
11(3),Casiraghi,201.00,34.00
12(12),Falsified,26.00,6.00
15(5),Guided,9.50,3.20
16(6),Scatter Blast,7.00,2.50
17(2),Metre Eater,34.00,8.50
18(11),Dew Drop,34.00,8.50
Race Title,Toowoomba
Race,Race 1 Toowoomba
Number,Name,WinPrice,FixedPrice
1(3),Heat Shield,4.20,2.20
2(1),Amthaal,2.10,1.50
3(6),The Barracuda,4.60,2.25
4(5),Hessian,7.50,3.20
5(7),Errol,6.50,3.10
6(2),Alfie Junior,23.00,9.00
7(4),Valtari,81.00,26.00
Race,Race 2 Toowoomba
Number,Name,WinPrice,FixedPrice
1(7),Faolan,1.80,1.30
2(3),Arazona,3.50,1.80
3(2),Oakfield Monarch,9.00,3.20
4(5),On A High,4.80,2.10
6(4),Coolmunda,26.00,9.00
7(1),Gouldian,26.00,9.00
Race,Race 3 Toowoomba
Number,Name,WinPrice,FixedPrice
1(10),Benicstress,101.00,10.00
3(12),In Seattle,51.00,5.00
4(13),Kimhorsedashian,3.20,1.18
5(6),The Big Eater,4.60,1.30
6(8),Zafox,1.55,1.060
7(7),In Your Element,51.00,5.00
8(1),Lillanliv,101.00,10.00
9(9),Nancy Bird,51.00,5.00
10(4),The Trump Train,51.00,5.00
Race,Race 4 Toowoomba
Number,Name,WinPrice,FixedPrice
1(5),Accumulated,4.60,1.73
2(7),Cyclone Kaycee,6.50,2.00
3(3),De Novo,61.00,10.00
4(6),Finnferno,26.00,5.00
5(1),Heart Vandelay,2.80,1.40
6(8),Lucky Fix,51.00,9.00
7(9),The Investigator,15.00,3.50
8(4),Trooper Kelly,3.20,1.50
9(2),Uno Tops,9.50,2.62
Race,Race 5 Toowoomba
Number,Name,WinPrice,FixedPrice
1(14),All Shiraz,6.50,2.38
2(4),Baby Boo,7.00,2.50
3(9),Brittex,14.00,3.75
4(11),General's Bride,17.00,4.33
5(13),Global Factor,4.20,1.83
7(7),Hallside Fandango,12.00,3.40
8(2),Miss Koko,51.00,11.00
9(10),Our Lil' Hussey,6.50,2.38
10(12),Shebrings Voice,81.00,19.00
11(8),Short 'N' Regal,16.00,4.00
12(3),Wearetenfortyeight,5.00,2.10
13(1),Coupe De Ville,11.00,3.25
Race,Race 6 Toowoomba
Number,Name,WinPrice,FixedPrice
1(6),Oggie,34.00,4.50
2(3),Palace Tycoon,6.00,1.80
4(9),Benico's Prince,5.00,1.67
5(10),Last Armageddon,2.10,1.20
6(7),Waltham,34.00,4.50
7(2),General Cos,26.00,3.50
9(5),Shadow Affair,26.00,3.50
10(1),Mr Chow,3.20,1.36
Race,Race 7 Toowoomba
Number,Name,WinPrice,FixedPrice
2(6),Proof Perfect,1.35,1.060
3(8),Mister Spinks,4.25,1.36
5(2),Gold Monarch,17.00,3.20
7(10),Bold Sam,12.00,2.38
8(1),By The Law,34.00,4.50
10(11),Rotindy,26.00,4.00
11(9),Maginot Line,26.00,4.00
12(13),Dreamer's Goal,26.00,4.00
13(5),Mister Judge,41.00,5.50
Race Title,Bathurst
Race,Race 1 Bathurst
Number,Name,WinPrice,FixedPrice
1(2),Electrified,11.00,3.10
2(4),Funky Music,2.30,1.30
3(3),King's Knight,10.00,2.88
4(5),Provocative Man,3.20,1.50
5(6),Fast Talking,41.00,8.00
6(7),Vuni,7.50,2.20
7(1),All The Wine,8.00,2.25
8(8),Maudy,19.00,4.00
9(9),Swoop,41.00,8.00
Race,Race 2 Bathurst
Number,Name,WinPrice,FixedPrice
1(3),Snitzagirl,6.50,2.00
2(4),Feather,2.70,1.33
4(9),Miss Bowjangles,41.00,7.00
5(10),Hoity Toity,61.00,10.00
6(8),Super Cyclone,3.80,1.57
7(1),Florida Girl,3.80,1.57
8(7),Russian Ahead,7.50,2.20
9(2),Schill Rock You,21.00,4.00
10(5),Euroflyer,81.00,13.00
Race,Race 3 Bathurst
Number,Name,WinPrice,FixedPrice
1(8),Panda's Mr Nosey,17.00,4.00
2(1),My Burning Heart,31.00,6.50
3(2),Son Of A Fox,8.50,2.88
4(10),Partners,2.80,1.53
5(6),Vandross,7.00,2.38
6(3),Showminder,5.50,2.10
7(9),Disperse,13.00,3.40
8(4),Winterconi,4.80,1.91
9(7),We Love Rugby,13.00,3.40
10(5),Music Miss,23.00,5.00
Race,Race 4 Bathurst
Number,Name,WinPrice,FixedPrice
1(6),Aguias,10.00,2.38
2(10),Artillery,81.00,12.00
3(2),Kind Reward,31.00,5.00
4(7),One Eye Watching,51.00,8.00
5(1),Gaze Beyond,41.00,7.00
6(4),Maria Victoria,1.60,1.15
7(8),Miss Breffni,21.00,4.00
9(13),Snappy Diamond,26.00,4.50
10(11),Soldier Of Love,4.00,1.53
11(3),Spatula,13.00,3.10
12(12),Peduzzi,31.00,5.00
13(5),Thistles,51.00,8.00
Race,Race 5 Bathurst
Number,Name,WinPrice,FixedPrice
2(11),Perpetual Motion,31.00,6.00
3(4),Art Of Defence,3.80,1.67
4(8),Star Zone,21.00,4.33
5(2),Jagger,8.50,2.62
6(3),Keeper Girl,2.60,1.40
7(5),Red Brocade,5.00,1.83
8(10),Wacky Doo,8.50,2.62
9(9),Sega Dancer,31.00,6.00
10(1),Royal Abbey,13.00,3.40
11(6),Gottakeepthefaith,41.00,8.50
Race,Race 6 Bathurst
Number,Name,WinPrice,FixedPrice
1(4),Deal Master,2.70,1.40
3(5),Panuara,5.00,1.83
4(7),Taking Liberties,4.00,1.67
5(10),Privily,6.00,2.00
6(6),Bounty Belle,101.00,19.00
7(8),Demonize,19.00,4.00
8(1),Katy's Revenge,101.00,19.00
9(11),Tilly's Waltz,8.00,2.38
10(2),Griffin's Gaze,15.00,3.50
11(9),Milk 'N' Brandy,81.00,15.00
12(3),Sovereign Default,41.00,8.00
Race,Race 7 Bathurst
Number,Name,WinPrice,FixedPrice
1(4),Prince Planet,4.40,1.80
2(9),Atum,10.00,3.00
3(8),Lass Vegas,4.60,1.80
4(12),Spinning Dawn,26.00,5.50
5(10),Tony's Reward,2.30,1.33
7(5),Dunderry,15.00,3.50
8(3),Hollywood Rose,17.00,3.75
9(6),Bite The Media,26.00,5.50
10(2),Emo Girl,15.00,3.50
11(7),Bay Truffle,51.00,9.50
12(1),Felicette,31.00,6.50
Race,Race 8 Bathurst
Number,Name,WinPrice,FixedPrice
1(7),Not Wanted,81.00,17.00
2(13),Diamond Charlie,51.00,10.00
3(6),Halberd,7.00,2.38
4(11),Good Verdict,7.00,2.38
5(10),Your Witness,2.80,1.53
7(9),Fiscal Policy,4.40,1.83
9(5),Dragon's Shadow,15.00,3.75
10(1),Eva Jean,9.00,3.00
11(12),Respun,19.00,4.33
12(14),Ellebeedee,19.00,4.33
13(3),Lily's Little Girl,21.00,4.50
14(4),Kormaddie,15.00,3.75
Race Title,Caulfield
Race,Race 1 Caulfield
Number,Name,WinPrice,FixedPrice
1(4),Miles Of Krishan,TF,17.00
2(7),Naantali,TF,2.35
3(8),Ma Jones,TF,5.50
4(6),Crafty Devil,TF,26.00
5(5),Oklahoma Girl,TF,19.00
6(11),Lopartega,TF,34.00
7(2),Miss Siska,TF,5.50
8(3),Remember The Name,TF,5.00
9(9),Seductive Miss,TF,34.00
10(10),Room To Rhyme,TF,26.00
11(1),Tagreeda,TF,23.00
Race,Race 2 Caulfield
Number,Name,WinPrice,FixedPrice
1(8),La Bella Diosa,TF,15.00
2(4),Crystal Fountain,TF,7.50
3(7),Rillito,TF,2.40
4(9),Creativity,TF,4.40
5(5),True Excelsior,TF,5.50
6(6),Overstep,TF,9.50
7(2),Modern Wonder,TF,15.00
8(1),Strykinglee,TF,41.00
9(3),Beyond The Dream,TF,51.00
Race,Race 3 Caulfield
Number,Name,WinPrice,FixedPrice
1(16),Highland Beat,TF,8.50
2(13),Oberland,TF,10.00
3(1),Star Fortune,TF,23.00
4(8),Diamond Oasis,TF,41.00
5(11),Edgewood,TF,101.00
6(14),Nordic Empire,TF,13.00
7(10),A Good Yarn,TF,4.20
8(12),Lord Barrington,TF,14.00
9(5),Carlingford,TF,16.00
10(4),Petite's Reward,TF,34.00
11(9),Bryan,TF,34.00
12(3),Seven Year Reward,TF,6.00
13(6),Bob Of The Head,TF,19.00
14(7),Plutocracy,TF,10.00
15(18),Saxophone,TF,18.00
17(17),Double Jeopardy,TF,10.00
18(15),Spirit Of Aquada,TF,9.00
Race,Race 4 Caulfield
Number,Name,WinPrice,FixedPrice
1(1),Sadaqa,TF,71.00
2(19),Lizard Island,TF,19.00
3(9),Our Peaky Blinders,TF,7.00
4(17),Redefine,TF,7.00
5(18),Anaheim,TF,10.00
6(8),Arkham Knight,TF,13.00
7(11),Got The Goss,TF,21.00
9(3),Wheal Leisure,TF,6.50
10(4),Gold Fields,TF,19.00
12(2),Setinum,TF,21.00
14(12),Divine Mr Artie,TF,26.00
15(10),Wayanka,TF,13.00
16(13),Addison,TF,26.00
17(16),Streets Of Avalon,TF,3.80
20(5),Painte,TF,26.00
Race,Race 5 Caulfield
Number,Name,WinPrice,FixedPrice
1(10),Long Leaf,TF,7.50
2(8),Ollivander,TF,15.00
3(4),Rock Hard,TF,7.50
4(1),The August,TF,5.00
5(6),Native Soldier,TF,5.00
6(5),Tony Nicconi,TF,2.50
7(7),High Ratio,TF,23.00
8(9),Syd's Coin,TF,34.00
9(3),Titan Blinders,TF,34.00
10(2),Taxi,TF,34.00
Race,Race 6 Caulfield
Number,Name,WinPrice,FixedPrice
1(3),Sunlight,TF,3.30
2(18),Thrillster,TF,19.00
4(17),Khulaasa,TF,19.00
5(6),Ennis Hill,TF,26.00
6(7),Qafila,TF,21.00
7(8),Witherspoon,TF,15.00
8(10),Humma Humma,TF,17.00
9(11),Write Enuff,TF,11.00
10(9),Pippie,TF,4.40
11(1),Ray's Dream,TF,34.00
12(12),Sundarbans,TF,34.00
14(14),Fidelia,TF,9.50
15(4),Grand Wish,TF,34.00
16(13),Causeway Girl,TF,19.00
17(2),Casadiva,TF,26.00
18(5),Golden Halo,TF,26.00
19(15),Sweet Rockette,TF,34.00
Race,Race 7 Caulfield
Number,Name,WinPrice,FixedPrice
1(13),Hartnell,TF,6.00
2(2),Black Heart Bart,TF,8.00
3(1),Humidor,TF,18.00
4(10),Boom Time,TF,34.00
5(12),Danon Liberty,TF,9.00
6(3),Big Duke,TF,101.00
7(4),Harlem,TF,34.00
8(15),Jungle Edge,TF,31.00
9(9),Widgee Turf,TF,14.00
10(11),Red Cardinal,TF,41.00
11(14),Kings Will Dream,TF,14.00
12(7),Mighty Boss,TF,11.00
13(6),Grunt,TF,5.50
14(8),Showtime,TF,8.00
15(5),Holy Snow,TF,12.00
16(16),Miss Gunpowder,TF,26.00
Race,Race 8 Caulfield
Number,Name,WinPrice,FixedPrice
2(2),Oregon's Day,TF,14.00
3(10),Osborne Bulls,TF,3.10
4(6),Land Of Plenty,TF,16.00
5(3),Inn Keeper,TF,5.50
6(7),Bella Martini,TF,8.50
7(9),Brave Song,TF,4.20
8(4),Muraaqeb,TF,13.00
9(8),Sheriff John Stone,TF,26.00
10(1),Ardrossan,TF,7.00
11(5),Toosbuy,TF,61.00
Race,Race 9 Caulfield
Number,Name,WinPrice,FixedPrice
1(10),Jacquinot Bay,TF,34.00
2(11),Shoreham,TF,41.00
3(9),Mask Of Time,TF,8.50
4(7),Harrison,TF,15.00
5(6),Plein Ciel,TF,4.20
6(15),Yogi,TF,26.00
7(12),Call Me Handsome,TF,3.40
8(1),Hi World,TF,101.00
9(2),Tried And Tired,TF,67.00
10(4),Etah James,TF,19.00
11(8),Kenjorwood,TF,21.00
12(5),Sakhee's Soldier,TF,101.00
13(3),Another Coldie,TF,5.50
14(13),Miss Admiration,TF,19.00
15(14),Netherfield,TF,13.00
Race Title,Randwick
Race,Race 1 Randwick
Number,Name,WinPrice,FixedPrice
1(1),Cisco Bay,TF,6.50
2(10),Evopex,TF,5.50
3(11),Fui San,TF,12.00
4(4),Kruanui,TF,34.00
5(13),Gronky,TF,34.00
6(8),Wallander,TF,6.00
7(7),Butchoy,TF,7.50
8(9),Shadow Vision,TF,34.00
9(2),Exorbitance,TF,31.00
10(12),Not For Export,TF,61.00
11(14),Biodynamic,TF,17.00
12(5),Not Bossy,TF,34.00
13(3),Constitutional,TF,51.00
14(6),Panzerfaust,TF,3.30
Race,Race 2 Randwick
Number,Name,WinPrice,FixedPrice
1(8),Sayed,TF,23.00
2(5),Red Alto,TF,8.00
3(6),Just Shine,TF,3.90
4(1),Exoteric,TF,9.00
5(7),Vaucluse Bay,TF,6.00
6(2),Reneged,TF,21.00
7(9),Follow Suit,TF,9.50
8(11),Raqeeq,TF,3.30
9(3),Screamarr,TF,12.00
10(4),Segenhoe,TF,41.00
11(10),Praise Songs,TF,101.00
Race,Race 3 Randwick
Number,Name,WinPrice,FixedPrice
1(1),Burradoo,TF,19.00
2(6),Sharpe Hussler,TF,6.50
3(3),Brook Magic,TF,3.50
5(9),Invincible Gangsta,TF,26.00
6(8),Prince Mayted,TF,21.00
7(10),Gwenneth,TF,10.00
8(2),Almanzora,TF,2.25
9(5),Lightz,TF,19.00
10(4),Leami Astray,TF,15.00
Race,Race 4 Randwick
Number,Name,WinPrice,FixedPrice
1(1),Fiesta,TF,4.40
2(7),Meryl,TF,31.00
3(9),Oohood,TF,2.40
4(2),Outback Barbie,TF,4.50
5(5),Secret Lady,TF,26.00
6(4),Futooh,TF,7.00
7(3),Laburnum,TF,23.00
8(8),Adamina,TF,18.00
9(6),Ready To Prophet,TF,16.00
Race,Race 5 Randwick
Number,Name,WinPrice,FixedPrice
1(1),Encryption,TF,7.50
2(4),Irukandji,TF,12.00
3(6),Spin,TF,5.50
4(5),The Enzo,TF,26.00
5(7),Master Ash,TF,9.00
6(8),Military Zone,TF,4.60
7(3),Smart Elissim,TF,4.80
8(2),Momentum Factor,TF,61.00
9(9),Danawi,TF,5.00
10(10),Altair,TF,15.00
Race,Race 6 Randwick
Number,Name,WinPrice,FixedPrice
1(8),Classic Uniform,TF,126.00
2(1),Religify,TF,126.00
3(11),Libran,TF,201.00
4(2),Cabeza De Vaca,TF,126.00
5(4),Invictus Prince,TF,201.00
6(3),Oriental Runner,TF,351.00
7(7),Kementari,TF,6.50
8(10),Ace High,TF,34.00
9(9),D'argento,TF,21.00
10(5),Winx,TF,1.20
11(6),Unforgotten,TF,51.00
Race,Race 7 Randwick
Number,Name,WinPrice,FixedPrice
1(1),Le Romain,TF,2.40
2(4),Takedown,TF,15.00
3(2),Boss Lane,TF,21.00
6(6),No Doubt,TF,14.00
7(11),Siege Of Quebec,TF,2.80
8(3),Super Tycoon,TF,21.00
9(7),Condor Heroes,TF,6.00
10(5),Three Sheets,TF,71.00
11(9),Radiant Choice,TF,71.00
Race,Race 8 Randwick
Number,Name,WinPrice,FixedPrice
1(3),Egyptian Symbol,TF,4.40
2(7),I Am Coldplay,TF,7.00
3(4),Zestful,TF,9.50
4(1),Payroll,TF,12.00
5(6),Luvaluva,TF,8.00
6(10),Nettoyer,TF,8.00
7(8),Maryore,TF,31.00
8(2),Insensata,TF,7.50
9(5),Sharpness,TF,8.50
10(11),Smart Amelia,TF,7.00
11(9),Heavenly Anna,TF,34.00
Race,Race 9 Randwick
Number,Name,WinPrice,FixedPrice
1(5),Best Of Days,TF,9.00
2(6),Lofty's Menu,TF,51.00
3(2),Souchez,TF,7.50
4(14),Goathland,TF,26.00
5(8),Kaonic,TF,3.40
6(10),Goodfella,TF,26.00
7(15),The Pinnacle,TF,14.00
8(9),Onslaught,TF,7.50
9(1),Shogun Sun,TF,4.80
10(17),Sure And Fast,TF,101.00
11(7),Best Guess,TF,19.00
12(11),Il Mio Destino,TF,34.00
13(13),Milseain,TF,10.00
14(12),Gamblestown,TF,101.00
15(16),Opposition,TF,26.00
16(3),Nettoyer,TF,16.00
17(4),Insensata,TF,13.00
18(18),Heavenly Anna,TF,34.00
Race Title,Gold Coast
Race,Race 1 Gold Coast
Number,Name,WinPrice,FixedPrice
1(4),Prue's Angel,TF,3.00
2(8),Awake The Stars,TF,3.20
3(5),Deer Mountain,TF,8.50
4(2),Sister Patti,TF,9.00
5(1),Sornja,TF,6.50
6(3),Tedder Avenue,TF,4.60
7(7),Akage,TF,51.00
8(6),Casino Evil,TF,101.00
Race,Race 2 Gold Coast
Number,Name,WinPrice,FixedPrice
1(8),A Man To Match,TF,3.80
2(6),Inflammable,TF,7.00
3(3),Mywifesaidno,TF,6.50
4(4),Sugar Sizzle,TF,7.50
5(1),Red Doulton,TF,8.00
6(7),Trail Of Glory,TF,4.60
7(5),Beach Baby,TF,13.00
8(2),Mystic Mist,TF,19.00
9(9),Love Struck,TF,10.00
Race,Race 3 Gold Coast
Number,Name,WinPrice,FixedPrice
1(2),Destiva,TF,34.00
2(7),Always Sacred,TF,21.00
3(1),Azzie's Ready,TF,21.00
4(5),Killerman's Run,TF,3.80
5(11),Upstart,TF,51.00
6(3),Alaskan Wolf,TF,61.00
7(6),Darktown Strutter,TF,3.60
8(8),Colinelle,TF,5.50
9(10),Girl In A Million,TF,10.00
10(9),Rebel Miss,TF,4.40
11(4),Blue Seattle,TF,14.00
Race,Race 4 Gold Coast
Number,Name,WinPrice,FixedPrice
1(2),Chatelard,TF,6.50
2(4),Fuerza,TF,26.00
3(12),Colour Of Money,TF,19.00
4(3),Occhilupo,TF,6.50
5(7),Duke Of Christophe,TF,16.00
6(8),Meteorologist,TF,13.00
7(1),Shotacross The Bow,TF,6.50
8(5),Sir Barnabus,TF,7.00
9(11),Clever Blaze,TF,14.00
10(6),Antigone,TF,16.00
11(9),Bronzed Venom,TF,14.00
12(10),Fighting Teo,TF,4.20
Race,Race 5 Gold Coast
Number,Name,WinPrice,FixedPrice
1(9),Belflyer,TF,5.00
2(2),Desmon's Pride,TF,10.00
3(6),Reach For Heaven,TF,3.30
6(7),On The Spot,TF,4.00
7(5),El Shaday,TF,6.50
8(1),Looks Like Elvis,TF,4.60
9(3),Spiral,TF,51.00
10(4),Snapper,TF,26.00
Race,Race 6 Gold Coast
Number,Name,WinPrice,FixedPrice
1(10),Lordag,TF,4.20
2(8),Hippopus,TF,101.00
3(11),Magstock,TF,7.50
4(2),Veladero,TF,7.00
5(9),Gold Ambition,TF,3.60
6(7),Don't Tell Mama,TF,12.00
7(4),Monteux,TF,13.00
8(1),American Diva,TF,14.00
9(3),Lord Coconuts,TF,8.00
10(6),Reiby The Red,TF,23.00
11(5),Anzio,TF,14.00
Race,Race 7 Gold Coast
Number,Name,WinPrice,FixedPrice
1(4),Mishani Sleuth,TF,8.50
3(9),Bogey Man,TF,6.50
4(2),Sista Act,TF,6.50
5(7),Voltaire Lumiere,TF,41.00
6(1),Happy Hooves,TF,4.00
7(10),More Patasi,TF,41.00
8(14),Givus A Cuddle,TF,14.00
10(5),Khaleesi,TF,17.00
11(12),Sailor Gerri,TF,19.00
12(3),Divine Messenger,TF,4.60
13(6),Licitra,TF,13.00
14(11),Soft Top,TF,21.00
Race,Race 8 Gold Coast
Number,Name,WinPrice,FixedPrice
1(2),Dal Cielo,TF,2.80
3(5),In His Stride,TF,16.00
4(9),Sold For Song,TF,5.50
6(11),Volkoff,TF,8.00
7(10),Prompt Return,TF,10.00
8(8),Sony Legend,TF,11.00
9(15),Saipan,TF,23.00
10(7),I Am The General,TF,31.00
11(14),Lucky Meteor,TF,21.00
12(6),Big Tree,TF,21.00
13(4),Mishani El Lobo,TF,11.00
14(1),Aimalac Millie,TF,12.00
15(3),Nothing Box,TF,41.00
Race,Race 9 Gold Coast
Number,Name,WinPrice,FixedPrice
1(14),Daring Deeds,TF,19.00
4(3),Saxton Rock,TF,5.50
5(7),African Academy,TF,31.00
6(8),Aiolos,TF,19.00
7(9),Jake's Hill,TF,2.80
8(1),Junction,TF,23.00
9(13),Ruler,TF,21.00
11(4),Floreana,TF,34.00
12(24),Fox Force Five,TF,26.00
13(18),Miss Severina,TF,8.50
15(17),Time To Play,TF,26.00
16(22),Tziporah,TF,16.00
17(11),Natural Force,TF,26.00
18(12),Desert Rush,TF,23.00
19(6),Supernormal,TF,13.00
20(10),Social Conquest,TF,31.00
21(2),Idalia's Dream,TF,51.00
22(5),Arterial,TF,23.00
23(21),Madison Point,TF,23.00
24(16),Odelia,TF,81.00
Race Title,Morphettville
Race,Race 1 Morphettville
Number,Name,WinPrice,FixedPrice
1(6),Urban Explorer,TF,10.00
2(7),Mystic Prince,TF,12.00
3(5),Sir Lopez,TF,6.00
5(2),Searaven,TF,13.00
6(8),Tunes,TF,10.00
7(4),Killarney Kid,TF,1.90
8(1),Romelo,TF,5.50
Race,Race 2 Morphettville
Number,Name,WinPrice,FixedPrice
1(2),Dancer's Kin,TF,5.00
2(4),Chevite,TF,15.00
3(6),More Than Exceed,TF,2.40
4(3),Thine Is The Power,TF,2.00
6(5),Serious Spender,TF,67.00
Race,Race 3 Morphettville
Number,Name,WinPrice,FixedPrice
1(2),Kellstorm,TF,2.60
2(5),Little Akie,TF,14.00
3(1),Cinnamon Carter,TF,6.00
4(4),Dance Of Heroes,TF,8.00
5(3),Igitur,TF,12.00
6(6),Super Swoop,TF,3.50
7(7),Ayers Rock,TF,8.00
Race,Race 4 Morphettville
Number,Name,WinPrice,FixedPrice
1(7),All Carisma,TF,26.00
2(5),Nodoubtaboutit,TF,6.00
3(8),Port Vale,TF,7.00
4(4),Akkacan,TF,8.00
6(6),Midnight Storm,TF,6.00
7(9),Thompson's Reward,TF,4.00
8(2),Debt Collector,TF,4.40
9(1),Extreme Thrill,TF,11.00
10(3),With Hope,TF,23.00
Race,Race 5 Morphettville
Number,Name,WinPrice,FixedPrice
1(4),Dr Dapper,TF,21.00
2(3),Savatag,TF,16.00
3(1),Extreme Witness,TF,6.00
4(8),Holy Juan,TF,41.00
5(7),Wasabi Bob,TF,7.50
6(9),Aagas,TF,9.00
7(5),Zanahary,TF,7.50
8(2),Minoan Spirit,TF,7.00
9(6),Canny Move,TF,16.00
12(13),Hell On Earth,TF,10.00
13(5),Rothmoore,TF,10.00
14(7),A Little Chunky,TF,7.50
15(9),Just A Gigolo,TF,19.00
Race,Race 6 Morphettville
Number,Name,WinPrice,FixedPrice
1(11),He's A Moral,TF,6.00
2(7),Lucky Fish,TF,5.50
3(6),Oamaru Owl,TF,14.00
4(8),Soul Fire,TF,23.00
5(9),Bellomo,TF,19.00
6(2),Diapason,TF,5.00
7(5),Aurelius Hero,TF,14.00
8(3),Its Time For Magic,TF,6.00
10(1),Arties Dreamwinner,TF,3.80
11(4),Mysticano,TF,19.00
Race,Race 7 Morphettville
Number,Name,WinPrice,FixedPrice
1(9),Dollar For Dollar,TF,4.20
2(5),Steel Frost,TF,3.60
3(2),Inn Keeper,TF,2.50
4(3),Exalted Adam,TF,7.00
5(8),Tatoosh,TF,19.00
6(1),Mubakkir,TF,26.00
7(4),Hard Empire,TF,14.00
8(6),Silent Warrior,TF,81.00
9(7),Pretty Punk,TF,34.00
Race,Race 8 Morphettville
Number,Name,WinPrice,FixedPrice
1(7),Air Guitar,TF,4.20
2(20),Moghul Empire,TF,7.00
3(13),Rupture,TF,21.00
4(14),Pamela Joy,TF,17.00
5(8),Bris Vegas,TF,8.00
6(1),Awake In Grinzing,TF,17.00
7(6),Bajan,TF,7.00
8(12),Miss Coolangatta,TF,6.50
9(18),Bolt I Am,TF,19.00
10(5),Racing Rory,TF,41.00
11(15),Hilumiere,TF,41.00
12(19),To Be Vain,TF,34.00
14(10),Single Barrel,TF,61.00
15(3),Cool Maverick,TF,41.00
17(4),Wise And Happy,TF,26.00
18(17),Flop,TF,26.00
19(2),Our Witness,TF,21.00
20(11),Mintrice,TF,71.00
21(9),The Other Guy,TF,41.00
Race Title,Belmont
Race,Race 1 Belmont
Number,Name,WinPrice,FixedPrice
1(6),Fire And Rain,TF,5.00
2(5),Agent Pippa,TF,2.40
3(3),Kakadu,TF,13.00
4(1),Metro Boy,TF,10.00
5(2),Easington,TF,151.00
6(7),Seven Castles,TF,7.00
7(4),Flirtini,TF,3.20
Race,Race 2 Belmont
Number,Name,WinPrice,FixedPrice
1(12),Patrocity,TF,1.90
2(8),Golden Trigger,TF,34.00
3(4),Geographe Bay,TF,9.00
4(11),Chief Cochise,TF,7.00
5(3),Ouqba Ted,TF,8.00
6(10),Orabreeze,TF,21.00
7(7),Kelly's Secret,TF,4.80
8(2),Bombadier Bruce,TF,71.00
9(5),Shivers Of Joy,TF,61.00
10(6),Bellflower,TF,31.00
11(9),Martarello,TF,23.00
12(1),Maurelle,TF,151.00
Race,Race 3 Belmont
Number,Name,WinPrice,FixedPrice
1(2),Sense Of Power,TF,3.40
2(1),Taxadermy,TF,6.00
3(4),Rojo Calor,TF,15.00
4(8),Freo,TF,3.40
5(7),Rose's Shadow,TF,26.00
6(9),Time To Hunt,TF,9.00
7(6),Everymile A Memory,TF,3.80
8(3),Mr Pago,TF,14.00
9(5),Skilled Hunter,TF,81.00
Race,Race 4 Belmont
Number,Name,WinPrice,FixedPrice
1(3),Fancy Fox,TF,31.00
2(9),Big Caroline,TF,6.00
3(2),Pym's Royale,TF,2.70
4(5),Nashville Cat,TF,8.00
5(4),Guns Of Navarone,TF,14.00
6(7),Vermont Lady,TF,6.50
7(8),Patapus,TF,4.60
8(1),Zefiro,TF,101.00
9(6),Bachelors Prospect,TF,17.00
10(10),Wild Front,TF,17.00
Race,Race 5 Belmont
Number,Name,WinPrice,FixedPrice
1(6),Kensington Abbey,TF,9.00
2(3),Beg To Differ,TF,6.50
3(7),Juicing Carrots,TF,6.50
4(2),Inject The Venom,TF,26.00
5(9),Macavity,TF,35.00
6(5),Gold Artisan,TF,9.00
7(1),Grand Cadeau,TF,7.00
8(4),I'm A Love Man,TF,31.00
9(10),Jazari,TF,5.50
10(8),Oti Thelis,TF,81.00
11(11),Truly Belong,TF,3.20
Race,Race 6 Belmont
Number,Name,WinPrice,FixedPrice
1(4),By Decree,TF,8.50
2(5),Get Over It,TF,8.00
3(3),Great Again,TF,2.75
4(6),Push To Pass,TF,41.00
5(13),Red Paddy,TF,71.00
6(7),Senorita Bonita,TF,23.00
7(9),Conseated,TF,17.00
8(8),Count Tomoz Off,TF,6.00
9(10),Diablerie,TF,34.00
10(2),Top Of The Class,TF,4.60
11(11),Charlestown,TF,71.00
12(1),Jeraft,TF,11.00
Race,Race 7 Belmont
Number,Name,WinPrice,FixedPrice
1(8),Profit Street,TF,14.00
2(7),Caipirinha,TF,13.00
3(4),Mr Motown,TF,13.00
4(10),Dream Lifter,TF,51.00
5(6),Rebel King,TF,7.00
6(2),War God,TF,31.00
7(1),Yeah Dardy,TF,5.00
8(5),Flying Time,TF,9.00
9(9),Oliver's Travels,TF,3.80
10(3),Super Maxi,TF,4.00
Race,Race 8 Belmont
Number,Name,WinPrice,FixedPrice
1(8),The Celt,TF,10.00
2(12),Epic Grey,TF,3.60
3(2),Snow Lord,TF,15.00
4(6),Woolibar,TF,51.00
5(1),I Am Incredible,TF,8.00
6(10),Red Publisher,TF,31.00
7(7),Pretentious Chant,TF,15.00
8(4),Undisclosed,TF,6.50
9(3),Recoiled,TF,26.00
10(5),Dia De La Raza,TF,5.00
11(9),Khan,TF,10.00
12(11),Sharpbob,TF,11.00
Race Title,Broome
Race,Race 7 Broome
Number,Name,WinPrice,FixedPrice
1(8),Gloryland,2.25,1.29
2(1),Diamond Tonique,2.70,1.33
3(4),Someday One Day,6.00,1.83
4(5),Confusing,51.00,8.50
5(7),I'm A Bluebagger,8.00,2.20
6(6),Pretty Blonde,26.00,4.50
7(2),Speed 'N' Reef,23.00,4.33
8(3),Tell Me This,14.00,3.25
9(9),The Wild Side,41.00,7.00
Race Title,Taree
Race,Race 1 Taree
Number,Name,WinPrice,FixedPrice
1(4),Biggles Would Go,5.00,2.10
2(14),Commissioner,11.00,3.25
3(7),Jest Magic,51.00,11.00
5(12),Nicoff Bob,126.00,26.00
6(9),Quick Nick,4.40,1.91
7(16),Rambler Rebel,9.00,3.10
8(8),Set To Sizzle,15.00,4.00
9(17),Shamus Star,11.00,3.25
11(3),Thorn Brook,12.00,3.40
12(2),Good Excuse,26.00,6.00
13(13),Peachies Dream,19.00,4.50
14(1),Unguarded,3.20,1.67
15(6),Complete Faith,51.00,11.00
16(10),Lucky For Some,101.00,23.00
17(5),Valley's Sister,101.00,23.00
18(11),Fair Dinkum,51.00,11.00
Race,Race 2 Taree
Number,Name,WinPrice,FixedPrice
1(6),Acraman,4.80,2.10
2(10),Caro Cavallo,8.00,3.00
3(1),Dad's Army,26.00,6.50
4(12),Justaway,16.00,4.00
5(13),King Of Monaco,26.00,6.50
6(4),Ted's Dream,3.20,1.67
7(7),Ultimate Eagle,34.00,8.50
8(17),Dogoda Fury,26.00,6.50
9(15),Karlu Dreaming,21.00,5.00
10(9),Let Me Guess,11.00,3.40
11(14),Vagabonds Rap,13.00,3.75
12(18),Herzegovina,9.00,3.20
13(16),Lose The Snip,9.00,3.20
14(2),My Money Tree,67.00,17.00
15(5),Chunky Charger,51.00,12.00
16(8),Backhouse Frilly,16.00,4.00
17(11),Pinnacle Power,51.00,12.00
18(3),Poyfection,101.00,19.00
Race,Race 3 Taree
Number,Name,WinPrice,FixedPrice
1(4),Tinker Dan,12.00,3.40
3(1),Dixie Lad,17.00,4.00
4(12),Eight Below,10.00,3.20
5(2),Editors,5.50,2.10
6(10),Phrases,51.00,10.00
7(5),Sacred Edge,2.70,1.50
8(11),New Endeavour,7.50,2.50
9(8),Triple Choice,4.80,1.91
10(6),Northern Charm,21.00,4.50
11(7),Spinning Gold,17.00,4.00
12(3),Mosgiel Lucy,26.00,5.50
Race,Race 4 Taree
Number,Name,WinPrice,FixedPrice
1(3),Lady Wahoo,6.00,2.25
2(1),Selective,6.00,2.25
3(6),Fearless Girl,5.50,2.20
4(8),The Kiss,5.00,2.00
5(4),Fleeting Princess,11.00,3.25
6(12),Lucciola Belle,9.50,3.20
7(5),Lady Veronique,26.00,6.00
8(2),Mahervellous,41.00,9.50
9(7),Dame Kiri,4.20,1.83
10(11),Khorloo,21.00,5.00
11(9),Saint Helena,67.00,15.00
12(10),All About Magic,34.00,8.50
Race,Race 5 Taree
Number,Name,WinPrice,FixedPrice
1(11),So Bizarre,3.30,1.67
2(6),Tesarc,21.00,4.50
3(14),Pretentious Man,6.50,2.25
4(8),Magic Name,10.00,3.20
5(9),Painted Wall,4.40,1.83
6(3),Soul Revival,21.00,4.50
7(1),San Marco,10.00,3.20
8(2),Titus,15.00,3.75
10(7),Crystal Kingdom,15.00,3.75
11(4),Streets Of Dubai,101.00,21.00
13(10),Scatter Blast,14.00,3.50
14(5),Arrogant Boy,51.00,10.00
15(12),Natural Predator,51.00,10.00
16(16),The Free World,101.00,21.00
17(13),Prince High,61.00,12.00
Race,Race 6 Taree
Number,Name,WinPrice,FixedPrice
1(4),Patriot,7.00,2.75
2(10),Tabrobane,12.00,3.50
3(1),Cervinia,26.00,7.00
4(11),Social Pirate,17.00,4.33
5(9),Buddy's Ode,11.00,3.40
6(2),Imperial Eagle,3.20,1.73
7(14),Ondo Pasa,6.00,2.38
8(13),She's Magical,8.50,3.10
9(16),Better Not Fly,15.00,4.00
10(12),Harnova,41.00,10.00
11(6),Stop The Fight,15.00,4.00
12(8),Magic Arli,21.00,5.00
13(7),Toast,21.00,5.00
14(5),Silent Dream,26.00,7.00
15(3),Crossing Guard,17.00,4.33
16(15),Manhattan Road,51.00,11.00
Race,Race 7 Taree
Number,Name,WinPrice,FixedPrice
1(7),Olympic Academy,10.00,3.25
2(13),Cogliere,8.50,3.10
3(8),Our Gravano,5.50,2.25
4(2),Loving Home,101.00,23.00
5(12),All But Gone,8.00,3.10
6(11),Invicta,16.00,4.33
7(9),Dubaiinstyle,6.00,2.38
8(14),Shalmaneser,12.00,3.50
9(10),Lady Evelyn,4.80,2.10
10(3),Allzin,17.00,4.33
11(6),Bold And Groovy,26.00,7.00
12(5),Don Pellegrino,26.00,7.00
13(1),Red Dubawi,13.00,3.75
14(4),Chalcedony,51.00,12.00
Race,Race 8 Taree
Number,Name,WinPrice,FixedPrice
1(2),Plateau Gold,11.00,3.40
2(10),Epic Dan,9.00,3.20
3(3),Salerno,16.00,4.00
4(9),Art D'amour,5.00,2.10
5(5),Bitburg,6.00,2.25
6(8),I'm A Jet,15.00,4.00
8(4),Trust Me,4.80,2.10
9(11),Invincible Gangsta,7.50,2.88
10(12),Johnny Roo Boy,8.00,3.00
11(7),Art's Got A Gun,26.00,6.50
12(1),Desirable Miss,21.00,5.00
13(6),Grammar School,34.00,8.50
Race Title,Ballarat
Race,Race 4 Ballarat
Number,Name,WinPrice,FixedPrice
1(6),King Of Dudes,10.00,3.50
2(2),Hornets' Nest,6.00,3.00
3(1),Valediction,11.00,3.75
4(3),Bit Of A Lad,2.00,1.44
5(4),Blood And Sand,6.00,3.00
6(5),Romelo,4.00,2.20
Race,Race 6 Ballarat
Number,Name,WinPrice,FixedPrice
1(10),Wells,2.70,1.50
2(6),Sea King,4.60,1.91
3(8),I'll'ava'alf,7.00,2.38
4(9),Excellent Rhythm,11.00,3.25
5(4),Monarch Chimes,5.50,2.10
6(2),Gold A Plenty,26.00,5.50
7(11),Spying On You,26.00,5.50
8(3),Abebe,34.00,8.00
9(1),John Monash,11.00,3.25
10(5),Undergroundfighter,31.00,7.00
11(7),Surging Wave,17.00,4.00
12(12),Entirely Perfect,67.00,13.00
